,Random Black Forest (RR)
OBSEA/2020-01-15.out,0.0
OBSEA/2020-02-29.out,0.0
OBSEA/2020-04-15.out,0.0
OBSEA/2020-04-23.out,0.0
OBSEA/2020-04-24.out,0.0
OBSEA/2020-05-01.out,0.0
OBSEA/2020-05-04.out,0.0
OBSEA/2020-05-05.out,0.0
OBSEA/2020-05-06.out,0.0
OBSEA/2020-05-08.out,0.0
OBSEA/2020-05-09.out,0.0
OBSEA/2020-05-10.out,0.0
OBSEA/2020-05-26.out,0.0
OBSEA/2020-05-31.out,0.0
OBSEA/2020-06-01.out,0.0
OBSEA/2020-06-04.out,0.0
OBSEA/2020-06-05.out,0.0
OBSEA/2020-06-07.out,0.0
OBSEA/2020-06-08.out,0.0
OBSEA/2020-06-09.out,0.0
OBSEA/2020-06-10.out,0.0
OBSEA/2020-06-11.out,0.0
OBSEA/2020-06-13.out,0.0
OBSEA/2020-06-14.out,0.0
OBSEA/2020-06-16.out,0.0
OBSEA/2020-06-17.out,0.0
OBSEA/2020-06-19.out,0.0
OBSEA/2020-06-20.out,0.0
OBSEA/2020-06-21.out,0.0
OBSEA/2020-06-22.out,0.0
OBSEA/2020-06-23.out,0.0
OBSEA/2020-06-24.out,0.0
OBSEA/2020-06-28.out,0.0
OBSEA/2020-06-29.out,0.0
OBSEA/2020-06-30.out,0.0
OBSEA/2020-07-02.out,0.0
OBSEA/2020-07-08.out,0.0
OBSEA/2020-07-09.out,0.0
OBSEA/2020-07-10.out,0.0
OBSEA/2020-07-14.out,0.0
OBSEA/2020-07-15.out,0.0
OBSEA/2020-07-16.out,0.0
OBSEA/2020-07-17.out,0.0
OBSEA/2020-07-18.out,0.0
OBSEA/2020-07-24.out,0.0
OBSEA/2020-07-25.out,0.0
OBSEA/2020-07-26.out,0.0
OBSEA/2020-07-28.out,0.0
OBSEA/2020-08-02.out,0.0
OBSEA/2020-08-05.out,0.0
OBSEA/2020-08-06.out,0.0
OBSEA/2020-08-07.out,0.0
OBSEA/2020-09-14.out,0.0
OBSEA/2020-09-16.out,0.0
OBSEA/2020-09-17.out,0.0
OBSEA/2020-09-19.out,0.0
OBSEA/2020-09-20.out,0.0
OBSEA/2020-09-21.out,0.0
OBSEA/2020-09-22.out,0.0
OBSEA/2020-10-02.out,0.0
OBSEA/2020-10-04.out,0.0
OBSEA/2020-10-06.out,0.0
OBSEA/2020-10-08.out,0.0
OBSEA/2020-10-09.out,0.0
OBSEA/2020-10-10.out,0.0
OBSEA/2020-10-11.out,0.0
OBSEA/2020-10-14.out,0.0
OBSEA/2020-10-15.out,0.0
OBSEA/2020-10-16.out,0.0
OBSEA/2020-10-17.out,0.0
OBSEA/2020-10-18.out,0.0
OBSEA/2020-10-19.out,0.0
OBSEA/2020-12-24.out,0.0
OBSEA/2020-12-25.out,0.0
OBSEA/2020-12-26.out,0.0
OBSEA/2020-12-27.out,0.0
OBSEA/2020-12-28.out,0.0
